{"cameraMode":{"drawMode":0,"name":"Shaded","section":"Shading Mode"},"sceneLighting":false,"audioPlay":false,"sceneViewState":{"m_AlwaysRefresh":true,"showFog":true,"showSkybox":false,"showFlares":true,"showImageEffects":true,"showParticleSystems":true,"showVisualEffectGraphs":true,"m_FxEnabled":true},"in2DMode":false,"pivot":{"x":0.8590394258499146,"y":0.1978185921907425,"z":-1.5124436616897584},"rotation":{"x":-0.2480374276638031,"y":-0.08118753880262375,"z":0.019744103774428369,"w":-0.9653977155685425},"size":1.1772761344909669,"orthographic":false}