{"cameraMode":{"drawMode":0,"name":"Shaded","section":"Shading Mode"},"sceneLighting":false,"audioPlay":false,"sceneViewState":{"m_AlwaysRefresh":true,"showFog":true,"showSkybox":false,"showFlares":true,"showImageEffects":true,"showParticleSystems":true,"showVisualEffectGraphs":true,"m_FxEnabled":true},"in2DMode":false,"pivot":{"x":3.2117559909820558,"y":0.22017735242843629,"z":-2.3065106868743898},"rotation":{"x":-0.14183828234672547,"y":0.7629027366638184,"z":-0.18087388575077058,"w":-0.6044912934303284},"size":0.6077236533164978,"orthographic":false}