{"cameraMode":{"drawMode":0,"name":"Shaded","section":"Shading Mode"},"sceneLighting":true,"audioPlay":false,"sceneViewState":{"m_AlwaysRefresh":true,"showFog":true,"showSkybox":true,"showFlares":true,"showImageEffects":true,"showParticleSystems":true,"showVisualEffectGraphs":true,"m_FxEnabled":true},"in2DMode":false,"pivot":{"x":24.21491050720215,"y":3.288571834564209,"z":2.0527563095092775},"rotation":{"x":0.09065079689025879,"y":0.38386139273643496,"z":-0.03785915672779083,"w":0.9181400537490845},"size":0.8801173567771912,"orthographic":false}