{"cameraMode":{"drawMode":0,"name":"Shaded","section":"Shading Mode"},"sceneLighting":true,"audioPlay":false,"sceneViewState":{"m_AlwaysRefresh":true,"showFog":true,"showSkybox":true,"showFlares":true,"showImageEffects":true,"showParticleSystems":true,"showVisualEffectGraphs":true,"m_FxEnabled":true},"in2DMode":false,"pivot":{"x":21.879568099975587,"y":2.8945703506469728,"z":-1.5851836204528809},"rotation":{"x":0.17623785138130189,"y":0.7446566820144653,"z":-0.2164795994758606,"w":0.6063158512115479},"size":2.5306954383850099,"orthographic":false}