{"cameraMode":{"drawMode":0,"name":"Shaded","section":"Shading Mode"},"sceneLighting":false,"audioPlay":false,"sceneViewState":{"m_AlwaysRefresh":true,"showFog":true,"showSkybox":true,"showFlares":true,"showImageEffects":true,"showParticleSystems":true,"showVisualEffectGraphs":true,"m_FxEnabled":true},"in2DMode":false,"pivot":{"x":-2.869925022125244,"y":1.3283151388168336,"z":16.606761932373048},"rotation":{"x":-0.022577818483114244,"y":0.9000030755996704,"z":-0.07664541155099869,"w":-0.4311005473136902},"size":3.2599074840545656,"orthographic":false}