{"cameraMode":{"drawMode":0,"name":"Shaded","section":"Shading Mode"},"sceneLighting":true,"audioPlay":false,"sceneViewState":{"m_AlwaysRefresh":true,"showFog":true,"showSkybox":true,"showFlares":true,"showImageEffects":true,"showParticleSystems":true,"showVisualEffectGraphs":true,"m_FxEnabled":true},"in2DMode":false,"pivot":{"x":3.051948308944702,"y":-8.443156242370606,"z":-23.338245391845704},"rotation":{"x":-0.009522619657218457,"y":-0.9615752696990967,"z":0.27809372544288638,"w":0.013642951846122742},"size":14.493571281433106,"orthographic":false}