{"cameraMode":{"drawMode":0,"name":"Shaded","section":"Shading Mode"},"sceneLighting":true,"audioPlay":false,"sceneViewState":{"m_AlwaysRefresh":true,"showFog":true,"showSkybox":true,"showFlares":true,"showImageEffects":true,"showParticleSystems":true,"showVisualEffectGraphs":true,"m_FxEnabled":true},"in2DMode":false,"pivot":{"x":-0.6484603881835938,"y":-28.067087173461915,"z":32.43238067626953},"rotation":{"x":-0.4713585674762726,"y":0.07755417376756668,"z":-0.04165419936180115,"w":-0.8775716423988342},"size":25.436721801757814,"orthographic":false}