{"cameraMode":{"drawMode":0,"name":"Shaded","section":"Shading Mode"},"sceneLighting":true,"audioPlay":false,"sceneViewState":{"m_AlwaysRefresh":true,"showFog":true,"showSkybox":true,"showFlares":true,"showImageEffects":true,"showParticleSystems":true,"showVisualEffectGraphs":true,"m_FxEnabled":true},"in2DMode":false,"pivot":{"x":2.175178050994873,"y":4.335764408111572,"z":-5.562838554382324},"rotation":{"x":0.08610344678163529,"y":-0.7409668564796448,"z":0.09882581233978272,"w":0.6591333150863648},"size":0.044511906802654269,"orthographic":false}