{"cameraMode":{"drawMode":0,"name":"Shaded","section":"Shading Mode"},"sceneLighting":true,"audioPlay":false,"sceneViewState":{"showFog":true,"showMaterialUpdate":true,"showSkybox":true,"showFlares":true,"showImageEffects":true,"showParticleSystems":true},"in2DMode":false,"pivot":{"x":4.22359561920166,"y":-14.428733825683594,"z":24.924007415771486},"rotation":{"x":-0.2872384190559387,"y":-0.08404550701379776,"z":0.025377169251441957,"w":-0.9538615942001343},"size":19.58603286743164,"orthographic":false}