{"cameraMode":{"drawMode":0,"name":"Shaded","section":"Shading Mode"},"sceneLighting":true,"audioPlay":false,"sceneViewState":{"showFog":true,"showMaterialUpdate":true,"showSkybox":true,"showFlares":true,"showImageEffects":true,"showParticleSystems":true},"in2DMode":false,"pivot":{"x":11.292222023010254,"y":-13.945718765258789,"z":9.061842918395996},"rotation":{"x":0.40561753511428835,"y":0.3711155354976654,"z":-0.1848544180393219,"w":0.8146399855613709},"size":13.889266967773438,"orthographic":false}