{"cameraMode":{"drawMode":0,"name":"Shaded","section":"Shading Mode"},"sceneLighting":true,"audioPlay":false,"sceneViewState":{"showFog":true,"showMaterialUpdate":true,"showSkybox":true,"showFlares":true,"showImageEffects":true,"showParticleSystems":true},"in2DMode":false,"pivot":{"x":-7.742135524749756,"y":16.034420013427736,"z":9.16773509979248},"rotation":{"x":0.2228662669658661,"y":0.7731884717941284,"z":-0.4613837003707886,"w":0.37393882870674136},"size":3.7479283809661867,"orthographic":false}