{"cameraMode":{"drawMode":0,"name":"Shaded","section":"Shading Mode"},"sceneLighting":true,"audioPlay":false,"sceneViewState":{"showFog":true,"showMaterialUpdate":true,"showSkybox":true,"showFlares":true,"showImageEffects":true,"showParticleSystems":true},"in2DMode":false,"pivot":{"x":-0.5600041747093201,"y":9.622425079345704,"z":-1.6494382619857789},"rotation":{"x":-0.057573214173316959,"y":-0.9146733283996582,"z":0.37443339824676516,"w":-0.1414760798215866},"size":6.730485916137695,"orthographic":false}