{"cameraMode":{"drawMode":0,"name":"Shaded","section":"Shading Mode"},"sceneLighting":true,"audioPlay":false,"sceneViewState":{"showFog":true,"showMaterialUpdate":true,"showSkybox":true,"showFlares":true,"showImageEffects":true,"showParticleSystems":true},"in2DMode":false,"pivot":{"x":5.060214042663574,"y":0.13637255132198335,"z":3.417290687561035},"rotation":{"x":-0.010819144546985627,"y":-0.6348651051521301,"z":0.00953089538961649,"w":-0.7727252840995789},"size":3.407106399536133,"orthographic":false}