{"cameraMode":{"drawMode":0,"name":"Shaded","section":"Shading Mode"},"sceneLighting":true,"audioPlay":false,"sceneViewState":{"showFog":true,"showMaterialUpdate":true,"showSkybox":true,"showFlares":true,"showImageEffects":true,"showParticleSystems":true},"in2DMode":false,"pivot":{"x":3.4685254096984865,"y":-4.76837158203125e-7,"z":0.49277591705322268},"rotation":{"x":-0.07478287816047669,"y":-0.9244393706321716,"z":0.2779397666454315,"w":-0.25074413418769839},"size":12.181842803955079,"orthographic":false}