{"cameraMode":{"drawMode":0,"name":"Shaded","section":"Shading Mode"},"sceneLighting":true,"audioPlay":false,"sceneViewState":{"showFog":true,"showMaterialUpdate":false,"showSkybox":true,"showFlares":true,"showImageEffects":true,"showParticleSystems":true},"in2DMode":false,"pivot":{"x":2.4277143478393556,"y":2.9844846725463869,"z":-0.8147058486938477},"rotation":{"x":-0.08969101309776306,"y":-0.9038901925086975,"z":0.23358841240406037,"w":-0.34702372550964358},"size":8.820133209228516,"orthographic":false}