{"cameraMode":{"drawMode":0,"name":"Shaded","section":"Shading Mode"},"sceneLighting":true,"audioPlay":false,"sceneViewState":{"showFog":true,"showMaterialUpdate":true,"showSkybox":true,"showFlares":true,"showImageEffects":true,"showParticleSystems":true},"in2DMode":false,"pivot":{"x":19.440876007080079,"y":-14.231855392456055,"z":-15.914823532104493},"rotation":{"x":0.13454867899417878,"y":0.8599212765693665,"z":-0.29168134927749636,"w":0.39678630232810976},"size":21.388437271118165,"orthographic":false}