{"cameraMode":{"drawMode":24,"name":"Light Overlap","section":"Baked Global Illumination"},"sceneLighting":true,"audioPlay":false,"sceneViewState":{"showFog":false,"showMaterialUpdate":false,"showSkybox":false,"showFlares":false,"showImageEffects":false,"showParticleSystems":false},"in2DMode":false,"pivot":{"x":-0.10637378692626953,"y":0.7252283096313477,"z":-9.849103927612305},"rotation":{"x":0.1398714780807495,"y":0.5979365706443787,"z":-0.10695444792509079,"w":0.7819682359695435},"size":12.401845932006836,"orthographic":false}