{"cameraMode":{"drawMode":0,"name":"Shaded","section":"Shading Mode"},"sceneLighting":true,"audioPlay":false,"sceneViewState":{"showFog":true,"showMaterialUpdate":false,"showSkybox":true,"showFlares":true,"showImageEffects":true,"showParticleSystems":true},"in2DMode":false,"pivot":{"x":-45.703041076660159,"y":-101.56417083740235,"z":-1.2323991060256959},"rotation":{"x":-0.3910659849643707,"y":0.5923990607261658,"z":-0.3990577459335327,"w":-0.5805274248123169},"size":75.37631225585938,"orthographic":false}