{"cameraMode":{"drawMode":0,"name":"Shaded","section":"Shading Mode"},"sceneLighting":true,"audioPlay":false,"sceneViewState":{"showFog":true,"showMaterialUpdate":false,"showSkybox":true,"showFlares":true,"showImageEffects":true,"showParticleSystems":true},"in2DMode":false,"pivot":{"x":1.6967504024505616,"y":-7.73225212097168,"z":8.613422393798829},"rotation":{"x":0.4326040744781494,"y":0.041898131370544437,"z":-0.020130576565861703,"w":0.9003849029541016},"size":14.466796875,"orthographic":false}