{"cameraMode":{"drawMode":0,"name":"Shaded","section":"Shading Mode"},"sceneLighting":true,"audioPlay":false,"sceneViewState":{"showFog":true,"showMaterialUpdate":false,"showSkybox":true,"showFlares":true,"showImageEffects":true,"showParticleSystems":true},"in2DMode":false,"pivot":{"x":-0.6471247673034668,"y":-5.495960235595703,"z":0.544432520866394},"rotation":{"x":-0.4657666087150574,"y":0.4067974388599396,"z":-0.255254864692688,"w":-0.7434979677200317},"size":15.81138801574707,"orthographic":false}