{"cameraMode":{"drawMode":0,"name":"Shaded","section":"Shading Mode"},"sceneLighting":true,"audioPlay":false,"sceneViewState":{"showFog":true,"showMaterialUpdate":false,"showSkybox":true,"showFlares":true,"showImageEffects":true,"showParticleSystems":true},"in2DMode":false,"pivot":{"x":-17.67192268371582,"y":-12.212038040161133,"z":6.588819980621338},"rotation":{"x":-0.2926068603992462,"y":0.5113488435745239,"z":-0.19191724061965943,"w":-0.7855346202850342},"size":23.929214477539064,"orthographic":false}