{"cameraMode":{"drawMode":0,"name":"Shaded","section":"Shading Mode"},"sceneLighting":true,"audioPlay":false,"sceneViewState":{"showFog":true,"showMaterialUpdate":false,"showSkybox":true,"showFlares":true,"showImageEffects":true,"showParticleSystems":true},"in2DMode":false,"pivot":{"x":3.3885436058044435,"y":2.383624315261841,"z":1.5067946910858155},"rotation":{"x":0.001657599932514131,"y":-0.20659735798835755,"z":0.0009150810074061155,"w":0.978693962097168},"size":0.02165071852505207,"orthographic":false}