{"cameraMode":{"drawMode":0,"name":"Shaded","section":"Shading Mode"},"sceneLighting":true,"audioPlay":false,"sceneViewState":{"showFog":true,"showMaterialUpdate":false,"showSkybox":true,"showFlares":true,"showImageEffects":true,"showParticleSystems":true},"in2DMode":false,"pivot":{"x":29.06941795349121,"y":-0.6070699691772461,"z":-1.8534760475158692},"rotation":{"x":0.04757614806294441,"y":0.7016253471374512,"z":-0.046148188412189487,"w":0.7097694277763367},"size":15.747416496276856,"orthographic":false}