{"cameraMode":{"drawMode":0,"name":"Shaded","section":"Shading Mode"},"sceneLighting":true,"audioPlay":false,"sceneViewState":{"showFog":true,"showMaterialUpdate":false,"showSkybox":true,"showFlares":true,"showImageEffects":true,"showParticleSystems":true},"in2DMode":false,"pivot":{"x":0.27358198165893557,"y":1.9587196111679078,"z":3.4558792114257814},"rotation":{"x":0.04312963783740997,"y":0.4604627192020416,"z":-0.021759161725640298,"w":0.8866614699363709},"size":1.2320609092712403,"orthographic":false}