{"cameraMode":{"drawMode":2,"name":"Shaded Wireframe","section":"Shading Mode"},"sceneLighting":true,"audioPlay":false,"sceneViewState":{"showFog":true,"showMaterialUpdate":false,"showSkybox":true,"showFlares":true,"showImageEffects":true,"showParticleSystems":true},"in2DMode":false,"pivot":{"x":11.72175407409668,"y":1.4294626712799073,"z":-3.282942056655884},"rotation":{"x":0.693328857421875,"y":0.1797092705965042,"z":-0.18518301844596864,"w":0.6728349924087524},"size":8.774750709533692,"orthographic":false}