{"cameraMode":{"drawMode":0,"name":"Shaded","section":"Shading Mode"},"sceneLighting":false,"audioPlay":false,"sceneViewState":{"m_AlwaysRefresh":true,"showFog":true,"showSkybox":false,"showFlares":true,"showImageEffects":true,"showParticleSystems":true,"showVisualEffectGraphs":true,"m_FxEnabled":true},"in2DMode":false,"pivot":{"x":1.3609068393707276,"y":0.9558409452438355,"z":0.33654165267944338},"rotation":{"x":-0.11745499074459076,"y":-0.7492060661315918,"z":0.11699333786964417,"w":-0.6429963111877441},"size":0.26283809542655947,"orthographic":false}