{"cameraMode":{"drawMode":0,"name":"Shaded","section":"Shading Mode"},"sceneLighting":false,"audioPlay":false,"sceneViewState":{"m_AlwaysRefresh":true,"showFog":true,"showSkybox":false,"showFlares":true,"showImageEffects":true,"showParticleSystems":true,"showVisualEffectGraphs":true,"m_FxEnabled":true},"in2DMode":false,"pivot":{"x":-0.0009100437164306641,"y":0.294589102268219,"z":-0.003934323787689209},"rotation":{"x":-0.062111303210258487,"y":-0.9501972198486328,"z":0.23389381170272828,"w":-0.20185013115406037},"size":1.3764673471450806,"orthographic":false}